id,province_id,name,alt_name,latitude,longitude,province_name,display_name
1101,11,KABUPATEN SIMEULUE,KABUPATEN SIMEULUE,2.61667,96.08333,Aceh,Simeulue
1102,11,KABUPATEN ACEH SINGKIL,KABUPATEN ACEH SINGKIL,2.41667,97.91667,Aceh,Aceh Singkil
1103,11,KABUPATEN ACEH SELATAN,KABUPATEN ACEH SELATAN,3.16667,97.41667,Aceh,Aceh Selatan
1104,11,KABUPATEN ACEH TENGGARA,KABUPATEN ACEH TENGGARA,3.36667,97.7,Aceh,Aceh Tenggara
1105,11,KABUPATEN ACEH TIMUR,KABUPATEN ACEH TIMUR,4.63333,97.63333,Aceh,Aceh Timur
1106,11,KABUPATEN ACEH TENGAH,KABUPATEN ACEH TENGAH,4.51,96.855,Aceh,Aceh Tengah
1107,11,KABUPATEN ACEH BARAT,KABUPATEN ACEH BARAT,4.45,96.16667,Aceh,Aceh Barat
1108,11,KABUPATEN ACEH BESAR,KABUPATEN ACEH BESAR,5.38333,95.51667,Aceh,Aceh Besar
1109,11,KABUPATEN PIDIE,KABUPATEN PIDIE,5.08,96.11,Aceh,Pidie
1110,11,KABUPATEN BIREUEN,KABUPATEN BIREUEN,5.08333,96.58333,Aceh,Bireuen
1111,11,KABUPATEN ACEH UTARA,KABUPATEN ACEH UTARA,4.97,97.14,Aceh,Aceh Utara
1112,11,KABUPATEN ACEH BARAT DAYA,KABUPATEN ACEH BARAT DAYA,3.83333,96.88333,Aceh,Aceh Barat Daya
1113,11,KABUPATEN GAYO LUES,KABUPATEN GAYO LUES,3.95,97.39,Aceh,Gayo Lues
1114,11,KABUPATEN ACEH TAMIANG,KABUPATEN ACEH TAMIANG,4.25,97.96667,Aceh,Aceh Tamiang
1115,11,KABUPATEN NAGAN RAYA,KABUPATEN NAGAN RAYA,4.16667,96.51667,Aceh,Nagan Raya
1116,11,KABUPATEN ACEH JAYA,KABUPATEN ACEH JAYA,4.86,95.64,Aceh,Aceh Jaya
1117,11,KABUPATEN BENER MERIAH,KABUPATEN BENER MERIAH,4.73015,96.86156,Aceh,Bener Meriah
1118,11,KABUPATEN PIDIE JAYA,KABUPATEN PIDIE JAYA,5.15,96.21667,Aceh,Pidie Jaya
1171,11,KOTA BANDA ACEH,KOTA BANDA ACEH,5.54167,95.33333,Aceh,Kota Banda Aceh
1172,11,KOTA SABANG,KOTA SABANG,5.82164,95.31086,Aceh,Kota Sabang
1173,11,KOTA LANGSA,KOTA LANGSA,4.47,97.93,Aceh,Kota Langsa
1174,11,KOTA LHOKSEUMAWE,KOTA LHOKSEUMAWE,5.13333,97.06667,Aceh,Kota Lhokseumawe
1175,11,KOTA SUBULUSSALAM,KOTA SUBULUSSALAM,2.75,97.93333,Aceh,Kota Subulussalam
1201,12,KABUPATEN NIAS,KABUPATEN NIAS,1.03333,97.76667,Sumatera Utara,Nias
1202,12,KABUPATEN MANDAILING NATAL,KABUPATEN MANDAILING NATAL,0.78378,99.25495,Sumatera Utara,Mandailing Natal
1203,12,KABUPATEN TAPANULI SELATAN,KABUPATEN TAPANULI SELATAN,1.51667,99.25,Sumatera Utara,Tapanuli Selatan
1204,12,KABUPATEN TAPANULI TENGAH,KABUPATEN TAPANULI TENGAH,1.9,98.66667,Sumatera Utara,Tapanuli Tengah
1205,12,KABUPATEN TAPANULI UTARA,KABUPATEN TAPANULI UTARA,2.0028,99.0707,Sumatera Utara,Tapanuli Utara
1206,12,KABUPATEN TOBA SAMOSIR,KABUPATEN TOBA SAMOSIR,2.39793,99.21678,Sumatera Utara,Toba Samosir
1207,12,KABUPATEN LABUHAN BATU,KABUPATEN LABUHAN BATU,2.26667,100.1,Sumatera Utara,Labuhan Batu
1208,12,KABUPATEN ASAHAN,KABUPATEN ASAHAN,2.78333,99.55,Sumatera Utara,Asahan
1209,12,KABUPATEN SIMALUNGUN,KABUPATEN SIMALUNGUN,2.9,99.0,Sumatera Utara,Simalungun
1210,12,KABUPATEN DAIRI,KABUPATEN DAIRI,2.86667,98.23333,Sumatera Utara,Dairi
1211,12,KABUPATEN KARO,KABUPATEN KARO,3.11667,98.3,Sumatera Utara,Karo
1212,12,KABUPATEN DELI SERDANG,KABUPATEN DELI SERDANG,3.41667,98.66667,Sumatera Utara,Deli Serdang
1213,12,KABUPATEN LANGKAT,KABUPATEN LANGKAT,3.71667,98.21667,Sumatera Utara,Langkat
1214,12,KABUPATEN NIAS SELATAN,KABUPATEN NIAS SELATAN,0.77,97.75,Sumatera Utara,Nias Selatan
1215,12,KABUPATEN HUMBANG HASUNDUTAN,KABUPATEN HUMBANG HASUNDUTAN,2.26551,98.50376,Sumatera Utara,Humbang Hasundutan
1216,12,KABUPATEN PAKPAK BHARAT,KABUPATEN PAKPAK BHARAT,2.56667,98.28333,Sumatera Utara,Pakpak Bharat
1217,12,KABUPATEN SAMOSIR,KABUPATEN SAMOSIR,2.64025,98.71525,Sumatera Utara,Samosir
1218,12,KABUPATEN SERDANG BEDAGAI,KABUPATEN SERDANG BEDAGAI,3.36667,99.03333,Sumatera Utara,Serdang Bedagai
1219,12,KABUPATEN BATU BARA,KABUPATEN BATU BARA,3.16166,99.52652,Sumatera Utara,Batu Bara
1220,12,KABUPATEN PADANG LAWAS UTARA,KABUPATEN PADANG LAWAS UTARA,1.46011,99.67346,Sumatera Utara,Padang Lawas Utara
1221,12,KABUPATEN PADANG LAWAS,KABUPATEN PADANG LAWAS,1.44684,99.99207,Sumatera Utara,Padang Lawas
1222,12,KABUPATEN LABUHAN BATU SELATAN,KABUPATEN LABUHAN BATU SELATAN,1.983,100.0976,Sumatera Utara,Labuhan Batu Selatan
1223,12,KABUPATEN LABUHAN BATU UTARA,KABUPATEN LABUHAN BATU UTARA,2.33349,99.63776,Sumatera Utara,Labuhan Batu Utara
1224,12,KABUPATEN NIAS UTARA,KABUPATEN NIAS UTARA,1.33037,97.31964,Sumatera Utara,Nias Utara
1225,12,KABUPATEN NIAS BARAT,KABUPATEN NIAS BARAT,1.05966,97.58606,Sumatera Utara,Nias Barat
1271,12,KOTA SIBOLGA,KOTA SIBOLGA,1.73333,98.8,Sumatera Utara,Kota Sibolga
1272,12,KOTA TANJUNG BALAI,KOTA TANJUNG BALAI,2.95833,99.79167,Sumatera Utara,Kota Tanjung Balai
1273,12,KOTA PEMATANG SIANTAR,KOTA PEMATANG SIANTAR,2.96667,99.05,Sumatera Utara,Kota Pematang Siantar
1274,12,KOTA TEBING TINGGI,KOTA TEBING TINGGI,3.325,99.14167,Sumatera Utara,Kota Tebing Tinggi
1275,12,KOTA MEDAN,KOTA MEDAN,3.65,98.66667,Sumatera Utara,Kota Medan
1276,12,KOTA BINJAI,KOTA BINJAI,3.8,108.23333,Sumatera Utara,Kota Binjai
1277,12,KOTA PADANG SIDEMPUAN,KOTA PADANG SIDEMPUAN,1.37375,99.26843,Sumatera Utara,Kota Padang Sidempuan
1278,12,KOTA GUNUNGSITOLI,KOTA GUNUNGSITOLI,1.32731,97.55018,Sumatera Utara,Kota Gunungsitoli
1301,13,KABUPATEN KEPULAUAN MENTAWAI,KABUPATEN KEPULAUAN MENTAWAI,1.98917,99.51889,Sumatera Barat,Kepulauan Mentawai
1302,13,KABUPATEN PESISIR SELATAN,KABUPATEN PESISIR SELATAN,-1.58333,100.85,Sumatera Barat,Pesisir Selatan
1303,13,KABUPATEN SOLOK,KABUPATEN SOLOK,-0.96667,100.81667,Sumatera Barat,Solok
1304,13,KABUPATEN SIJUNJUNG,KABUPATEN SIJUNJUNG,-1.1827,101.6056,Sumatera Barat,Sijunjung
1305,13,KABUPATEN TANAH DATAR,KABUPATEN TANAH DATAR,-0.4555,100.5771,Sumatera Barat,Tanah Datar
1306,13,KABUPATEN PADANG PARIAMAN,KABUPATEN PADANG PARIAMAN,-0.6,100.28333,Sumatera Barat,Padang Pariaman
1307,13,KABUPATEN AGAM,KABUPATEN AGAM,-0.25,100.16667,Sumatera Barat,Agam
1308,13,KABUPATEN LIMA PULUH KOTA,KABUPATEN LIMA PULUH KOTA,-0.0168,100.5872,Sumatera Barat,Lima Puluh Kota
1309,13,KABUPATEN PASAMAN,KABUPATEN PASAMAN,0.42503,99.94606,Sumatera Barat,Pasaman
1310,13,KABUPATEN SOLOK SELATAN,KABUPATEN SOLOK SELATAN,-1.23333,101.417,Sumatera Barat,Solok Selatan
1311,13,KABUPATEN DHARMASRAYA,KABUPATEN DHARMASRAYA,-1.05,101.367,Sumatera Barat,Dharmasraya
1312,13,KABUPATEN PASAMAN BARAT,KABUPATEN PASAMAN BARAT,0.28152,99.51965,Sumatera Barat,Pasaman Barat
1371,13,KOTA PADANG,KOTA PADANG,-0.98333,100.45,Sumatera Barat,Kota Padang
1372,13,KOTA SOLOK,KOTA SOLOK,-0.76667,100.61667,Sumatera Barat,Kota Solok
1373,13,KOTA SAWAH LUNTO,KOTA SAWAH LUNTO,-0.6,100.75,Sumatera Barat,Kota Sawah Lunto
1374,13,KOTA PADANG PANJANG,KOTA PADANG PANJANG,-0.45,100.43333,Sumatera Barat,Kota Padang Panjang
1375,13,KOTA BUKITTINGGI,KOTA BUKITTINGGI,-0.275,100.375,Sumatera Barat,Kota Bukittinggi
1376,13,KOTA PAYAKUMBUH,KOTA PAYAKUMBUH,-0.23333,100.63333,Sumatera Barat,Kota Payakumbuh
1377,13,KOTA PARIAMAN,KOTA PARIAMAN,-0.62682,100.12047,Sumatera Barat,Kota Pariaman
1401,14,KABUPATEN KUANTAN SINGINGI,KABUPATEN KUANTAN SINGINGI,-0.47532,101.45857,Riau,Kuantan Singingi
1402,14,KABUPATEN INDRAGIRI HULU,KABUPATEN INDRAGIRI HULU,-0.55,102.31667,Riau,Indragiri Hulu
1403,14,KABUPATEN INDRAGIRI HILIR,KABUPATEN INDRAGIRI HILIR,-0.33333,103.16667,Riau,Indragiri Hilir
1404,14,KABUPATEN PELALAWAN,KABUPATEN PELALAWAN,0.20822,102.18607,Riau,Pelalawan
1405,14,KABUPATEN SIAK,KABUPATEN SIAK,0.97453,102.01355,Riau,Siak
1406,14,KABUPATEN KAMPAR,KABUPATEN KAMPAR,0.2344,101.2131,Riau,Kampar
1407,14,KABUPATEN ROKAN HULU,KABUPATEN ROKAN HULU,0.88333,100.48333,Riau,Rokan Hulu
1408,14,KABUPATEN BENGKALIS,KABUPATEN BENGKALIS,0.9838,102.5096,Riau,Bengkalis
1409,14,KABUPATEN ROKAN HILIR,KABUPATEN ROKAN HILIR,2.16599,100.82514,Riau,Rokan Hilir
1410,14,KABUPATEN KEPULAUAN MERANTI,KABUPATEN KEPULAUAN MERANTI,0.97488,102.69539,Riau,Kepulauan Meranti
1471,14,KOTA PEKANBARU,KOTA PEKANBARU,0.53333,101.46667,Riau,Kota Pekanbaru
1473,14,KOTA DUMAI,KOTA DUMAI,1.61592,101.4917,Riau,Kota Dumai
1501,15,KABUPATEN KERINCI,KABUPATEN KERINCI,-2.03333,101.53333,Jambi,Kerinci
1502,15,KABUPATEN MERANGIN,KABUPATEN MERANGIN,-2.06933,102.13303,Jambi,Merangin
1503,15,KABUPATEN SAROLANGUN,KABUPATEN SAROLANGUN,-2.3,102.65,Jambi,Sarolangun
1504,15,KABUPATEN BATANG HARI,KABUPATEN BATANG HARI,-1.75,103.11667,Jambi,Batang Hari
1505,15,KABUPATEN MUARO JAMBI,KABUPATEN MUARO JAMBI,-1.55214,103.82163,Jambi,Muaro Jambi
1506,15,KABUPATEN TANJUNG JABUNG TIMUR,KABUPATEN TANJUNG JABUNG TIMUR,-1.13198,103.61755,Jambi,Tanjung Jabung Timur
1507,15,KABUPATEN TANJUNG JABUNG BARAT,KABUPATEN TANJUNG JABUNG BARAT,-1.1544,103.24402,Jambi,Tanjung Jabung Barat
1508,15,KABUPATEN TEBO,KABUPATEN TEBO,-1.45576,102.37473,Jambi,Tebo
1509,15,KABUPATEN BUNGO,KABUPATEN BUNGO,-1.50222,101.96,Jambi,Bungo
1571,15,KOTA JAMBI,KOTA JAMBI,-1.61667,103.65,Jambi,Kota Jambi
1572,15,KOTA SUNGAI PENUH,KOTA SUNGAI PENUH,-2.10896,101.32175,Jambi,Kota Sungai Penuh
1601,16,KABUPATEN OGAN KOMERING ULU,KABUPATEN OGAN KOMERING ULU,-4.13333,104.03333,Sumatera Selatan,Ogan Komering Ulu
1602,16,KABUPATEN OGAN KOMERING ILIR,KABUPATEN OGAN KOMERING ILIR,-3.36667,105.36667,Sumatera Selatan,Ogan Komering Ilir
1603,16,KABUPATEN MUARA ENIM,KABUPATEN MUARA ENIM,-4.2327,103.6141,Sumatera Selatan,Muara Enim
1604,16,KABUPATEN LAHAT,KABUPATEN LAHAT,-3.7864,103.5428,Sumatera Selatan,Lahat
1605,16,KABUPATEN MUSI RAWAS,KABUPATEN MUSI RAWAS,-3.08333,103.2,Sumatera Selatan,Musi Rawas
1606,16,KABUPATEN MUSI BANYU ASIN,KABUPATEN MUSI BANYU ASIN,-2.41667,103.75,Sumatera Selatan,Musi Banyu Asin
1607,16,KABUPATEN BANYU ASIN,KABUPATEN BANYU ASIN,-2.88333,104.38306,Sumatera Selatan,Banyu Asin
1608,16,KABUPATEN OGAN KOMERING ULU SELATAN,KABUPATEN OGAN KOMERING ULU SELATAN,-4.65728,104.00659,Sumatera Selatan,Ogan Komering Ulu Selatan
1609,16,KABUPATEN OGAN KOMERING ULU TIMUR,KABUPATEN OGAN KOMERING ULU TIMUR,-3.85679,104.75209,Sumatera Selatan,Ogan Komering Ulu Timur
1610,16,KABUPATEN OGAN ILIR,KABUPATEN OGAN ILIR,-3.43186,104.62727,Sumatera Selatan,Ogan Ilir
1611,16,KABUPATEN EMPAT LAWANG,KABUPATEN EMPAT LAWANG,3.22667,99.09256,Sumatera Selatan,Empat Lawang
1612,16,KABUPATEN PENUKAL ABAB LEMATANG ILIR,KABUPATEN PENUKAL ABAB LEMATANG ILIR,-3.21342,104.08722,Sumatera Selatan,Penukal Abab Lematang Ilir
1613,16,KABUPATEN MUSI RAWAS UTARA,KABUPATEN MUSI RAWAS UTARA,-2.48533,103.29346,Sumatera Selatan,Musi Rawas Utara
1671,16,KOTA PALEMBANG,KOTA PALEMBANG,-3.0,104.71667,Sumatera Selatan,Kota Palembang
1672,16,KOTA PRABUMULIH,KOTA PRABUMULIH,-3.46202,104.2229,Sumatera Selatan,Kota Prabumulih
1673,16,KOTA PAGAR ALAM,KOTA PAGAR ALAM,-4.13055,103.26822,Sumatera Selatan,Kota Pagar Alam
1674,16,KOTA LUBUK LINGGAU,KOTA LUBUK LINGGAU,-3.29308,102.85503,Sumatera Selatan,Kota Lubuk Linggau
1701,17,KABUPATEN BENGKULU SELATAN,KABUPATEN BENGKULU SELATAN,-4.35,103.03333,Bengkulu,Bengkulu Selatan
1702,17,KABUPATEN REJANG LEBONG,KABUPATEN REJANG LEBONG,-3.43333,102.71667,Bengkulu,Rejang Lebong
1703,17,KABUPATEN BENGKULU UTARA,KABUPATEN BENGKULU UTARA,-3.33333,102.05,Bengkulu,Bengkulu Utara
1704,17,KABUPATEN KAUR,KABUPATEN KAUR,-4.78179,103.36109,Bengkulu,Kaur
1705,17,KABUPATEN SELUMA,KABUPATEN SELUMA,-3.96644,102.47429,Bengkulu,Seluma
1706,17,KABUPATEN MUKOMUKO,KABUPATEN MUKOMUKO,-3.07438,101.54766,Bengkulu,Mukomuko
1707,17,KABUPATEN LEBONG,KABUPATEN LEBONG,-3.24278,102.3349,Bengkulu,Lebong
1708,17,KABUPATEN KEPAHIANG,KABUPATEN KEPAHIANG,-3.60194,102.56424,Bengkulu,Kepahiang
1709,17,KABUPATEN BENGKULU TENGAH,KABUPATEN BENGKULU TENGAH,-3.20679,102.12616,Bengkulu,Bengkulu Tengah
1771,17,KOTA BENGKULU,KOTA BENGKULU,-3.81667,102.31667,Bengkulu,Kota Bengkulu
1801,18,KABUPATEN LAMPUNG BARAT,KABUPATEN LAMPUNG BARAT,-5.14904,104.19309,Lampung,Lampung Barat
1802,18,KABUPATEN TANGGAMUS,KABUPATEN TANGGAMUS,-5.38508,104.62349,Lampung,Tanggamus
1803,18,KABUPATEN LAMPUNG SELATAN,KABUPATEN LAMPUNG SELATAN,-5.4531,104.9877,Lampung,Lampung Selatan
1804,18,KABUPATEN LAMPUNG TIMUR,KABUPATEN LAMPUNG TIMUR,-5.10273,105.68003,Lampung,Lampung Timur
1805,18,KABUPATEN LAMPUNG TENGAH,KABUPATEN LAMPUNG TENGAH,-4.86667,105.26667,Lampung,Lampung Tengah
1806,18,KABUPATEN LAMPUNG UTARA,KABUPATEN LAMPUNG UTARA,-4.81667,104.8,Lampung,Lampung Utara
1807,18,KABUPATEN WAY KANAN,KABUPATEN WAY KANAN,-4.44705,104.52753,Lampung,Way Kanan
1808,18,KABUPATEN TULANGBAWANG,KABUPATEN TULANGBAWANG,-4.20604,105.57999,Lampung,Tulangbawang
1809,18,KABUPATEN PESAWARAN,KABUPATEN PESAWARAN,-5.4298,105.17899,Lampung,Pesawaran
1810,18,KABUPATEN PRINGSEWU,KABUPATEN PRINGSEWU,-5.42211,104.93454,Lampung,Pringsewu
1811,18,KABUPATEN MESUJI,KABUPATEN MESUJI,-4.0439,105.4013,Lampung,Mesuji
1812,18,KABUPATEN TULANG BAWANG BARAT,KABUPATEN TULANG BAWANG BARAT,-4.43975,105.0444,Lampung,Tulang Bawang Barat
1813,18,KABUPATEN PESISIR BARAT,KABUPATEN PESISIR BARAT,-5.19323,103.93976,Lampung,Pesisir Barat
1871,18,KOTA BANDAR LAMPUNG,KOTA BANDAR LAMPUNG,-5.41667,105.25,Lampung,Kota Bandar Lampung
1872,18,KOTA METRO,KOTA METRO,-5.11856,105.29949,Lampung,Kota Metro
1901,19,KABUPATEN BANGKA,KABUPATEN BANGKA,-1.91667,105.93333,Kepulauan Bangka Belitung,Bangka
1902,19,KABUPATEN BELITUNG,KABUPATEN BELITUNG,-2.86667,107.7,Kepulauan Bangka Belitung,Belitung
1903,19,KABUPATEN BANGKA BARAT,KABUPATEN BANGKA BARAT,-1.95839,105.53741,Kepulauan Bangka Belitung,Bangka Barat
1904,19,KABUPATEN BANGKA TENGAH,KABUPATEN BANGKA TENGAH,-2.33989,106.1142,Kepulauan Bangka Belitung,Bangka Tengah
1905,19,KABUPATEN BANGKA SELATAN,KABUPATEN BANGKA SELATAN,-2.66803,106.01257,Kepulauan Bangka Belitung,Bangka Selatan
1906,19,KABUPATEN BELITUNG TIMUR,KABUPATEN BELITUNG TIMUR,-2.9627,108.15216,Kepulauan Bangka Belitung,Belitung Timur
1971,19,KOTA PANGKAL PINANG,KOTA PANGKAL PINANG,-2.13333,106.13333,Kepulauan Bangka Belitung,Kota Pangkal Pinang
2101,21,KABUPATEN KARIMUN,KABUPATEN KARIMUN,0.80764,103.41911,Kepulauan Riau,Karimun
2102,21,KABUPATEN BINTAN,KABUPATEN BINTAN,0.95,104.61944,Kepulauan Riau,Bintan
2103,21,KABUPATEN NATUNA,KABUPATEN NATUNA,4.71417,107.97639,Kepulauan Riau,Natuna
2104,21,KABUPATEN LINGGA,KABUPATEN LINGGA,0.2,104.61667,Kepulauan Riau,Lingga
2105,21,KABUPATEN KEPULAUAN ANAMBAS,KABUPATEN KEPULAUAN ANAMBAS,3.0,106.0,Kepulauan Riau,Kepulauan Anambas
2171,21,KOTA BATAM,KOTA BATAM,1.05211,104.02851,Kepulauan Riau,Kota Batam
2172,21,KOTA TANJUNG PINANG,KOTA TANJUNG PINANG,0.91683,104.44329,Kepulauan Riau,Kota Tanjung Pinang
3101,31,KABUPATEN KEPULAUAN SERIBU,KABUPATEN KEPULAUAN SERIBU,-5.5985,106.55271,DKI Jakarta,Kepulauan Seribu
3171,31,KOTA JAKARTA SELATAN,KOTA JAKARTA SELATAN,-6.266,106.8135,DKI Jakarta,Kota Jakarta Selatan
3172,31,KOTA JAKARTA TIMUR,KOTA JAKARTA TIMUR,-6.2521,106.884,DKI Jakarta,Kota Jakarta Timur
3173,31,KOTA JAKARTA PUSAT,KOTA JAKARTA PUSAT,-6.1777,106.8403,DKI Jakarta,Kota Jakarta Pusat
3174,31,KOTA JAKARTA BARAT,KOTA JAKARTA BARAT,-6.1676,106.7673,DKI Jakarta,Kota Jakarta Barat
3175,31,KOTA JAKARTA UTARA,KOTA JAKARTA UTARA,-6.1339,106.8823,DKI Jakarta,Kota Jakarta Utara
3201,32,KABUPATEN BOGOR,KABUPATEN BOGOR,-6.58333,106.71667,Jawa Barat,Bogor
3202,32,KABUPATEN SUKABUMI,KABUPATEN SUKABUMI,-7.06667,106.7,Jawa Barat,Sukabumi
3203,32,KABUPATEN CIANJUR,KABUPATEN CIANJUR,-6.7725,107.08306,Jawa Barat,Cianjur
3204,32,KABUPATEN BANDUNG,KABUPATEN BANDUNG,-7.1,107.6,Jawa Barat,Bandung
3205,32,KABUPATEN GARUT,KABUPATEN GARUT,-7.38333,107.76667,Jawa Barat,Garut
3206,32,KABUPATEN TASIKMALAYA,KABUPATEN TASIKMALAYA,-7.5,108.13333,Jawa Barat,Tasikmalaya
3207,32,KABUPATEN CIAMIS,KABUPATEN CIAMIS,-7.28333,108.41667,Jawa Barat,Ciamis
3208,32,KABUPATEN KUNINGAN,KABUPATEN KUNINGAN,-7.0,108.55,Jawa Barat,Kuningan
3209,32,KABUPATEN CIREBON,KABUPATEN CIREBON,-6.8,108.56667,Jawa Barat,Cirebon
3210,32,KABUPATEN MAJALENGKA,KABUPATEN MAJALENGKA,-6.81667,108.28333,Jawa Barat,Majalengka
3211,32,KABUPATEN SUMEDANG,KABUPATEN SUMEDANG,-6.81667,107.98333,Jawa Barat,Sumedang
3212,32,KABUPATEN INDRAMAYU,KABUPATEN INDRAMAYU,-6.45,108.16667,Jawa Barat,Indramayu
3213,32,KABUPATEN SUBANG,KABUPATEN SUBANG,-6.50833,107.7025,Jawa Barat,Subang
3214,32,KABUPATEN PURWAKARTA,KABUPATEN PURWAKARTA,-6.58333,107.45,Jawa Barat,Purwakarta
3215,32,KABUPATEN KARAWANG,KABUPATEN KARAWANG,-6.26667,107.41667,Jawa Barat,Karawang
3216,32,KABUPATEN BEKASI,KABUPATEN BEKASI,-6.24667,107.10833,Jawa Barat,Bekasi
3217,32,KABUPATEN BANDUNG BARAT,KABUPATEN BANDUNG BARAT,-6.83333,107.48333,Jawa Barat,Bandung Barat
3218,32,KABUPATEN PANGANDARAN,KABUPATEN PANGANDARAN,-7.6673,108.64037,Jawa Barat,Pangandaran
3271,32,KOTA BOGOR,KOTA BOGOR,-6.59167,106.8,Jawa Barat,Kota Bogor
3272,32,KOTA SUKABUMI,KOTA SUKABUMI,-6.95,106.93333,Jawa Barat,Kota Sukabumi
3273,32,KOTA BANDUNG,KOTA BANDUNG,-6.9175,107.62444,Jawa Barat,Kota Bandung
3274,32,KOTA CIREBON,KOTA CIREBON,-6.75,108.55,Jawa Barat,Kota Cirebon
3275,32,KOTA BEKASI,KOTA BEKASI,-6.28333,106.98333,Jawa Barat,Kota Bekasi
3276,32,KOTA DEPOK,KOTA DEPOK,-6.4,106.81667,Jawa Barat,Kota Depok
3277,32,KOTA CIMAHI,KOTA CIMAHI,-6.89167,107.55,Jawa Barat,Kota Cimahi
3278,32,KOTA TASIKMALAYA,KOTA TASIKMALAYA,-7.35,108.21667,Jawa Barat,Kota Tasikmalaya
3279,32,KOTA BANJAR,KOTA BANJAR,-7.36996,108.53209,Jawa Barat,Kota Banjar
3301,33,KABUPATEN CILACAP,KABUPATEN CILACAP,-7.57417,108.98861,Jawa Tengah,Cilacap
3302,33,KABUPATEN BANYUMAS,KABUPATEN BANYUMAS,-7.45,109.16667,Jawa Tengah,Banyumas
3303,33,KABUPATEN PURBALINGGA,KABUPATEN PURBALINGGA,-7.28417,109.35028,Jawa Tengah,Purbalingga
3304,33,KABUPATEN BANJARNEGARA,KABUPATEN BANJARNEGARA,-7.35111,109.5875,Jawa Tengah,Banjarnegara
3305,33,KABUPATEN KEBUMEN,KABUPATEN KEBUMEN,-7.63917,109.66056,Jawa Tengah,Kebumen
3306,33,KABUPATEN PURWOREJO,KABUPATEN PURWOREJO,-7.7,109.96667,Jawa Tengah,Purworejo
3307,33,KABUPATEN WONOSOBO,KABUPATEN WONOSOBO,-7.36139,109.92667,Jawa Tengah,Wonosobo
3308,33,KABUPATEN MAGELANG,KABUPATEN MAGELANG,-7.4275,110.16194,Jawa Tengah,Magelang
3309,33,KABUPATEN BOYOLALI,KABUPATEN BOYOLALI,-7.5,110.7,Jawa Tengah,Boyolali
3310,33,KABUPATEN KLATEN,KABUPATEN KLATEN,-7.68333,110.61667,Jawa Tengah,Klaten
3311,33,KABUPATEN SUKOHARJO,KABUPATEN SUKOHARJO,-7.68333,110.83333,Jawa Tengah,Sukoharjo
3312,33,KABUPATEN WONOGIRI,KABUPATEN WONOGIRI,-7.91667,111.0,Jawa Tengah,Wonogiri
3313,33,KABUPATEN KARANGANYAR,KABUPATEN KARANGANYAR,-7.62806,111.0625,Jawa Tengah,Karanganyar
3314,33,KABUPATEN SRAGEN,KABUPATEN SRAGEN,-7.41278,110.935,Jawa Tengah,Sragen
3315,33,KABUPATEN GROBOGAN,KABUPATEN GROBOGAN,-7.11667,110.91667,Jawa Tengah,Grobogan
3316,33,KABUPATEN BLORA,KABUPATEN BLORA,-7.06667,111.38333,Jawa Tengah,Blora
3317,33,KABUPATEN REMBANG,KABUPATEN REMBANG,-6.78333,111.46667,Jawa Tengah,Rembang
3318,33,KABUPATEN PATI,KABUPATEN PATI,-6.76667,111.1,Jawa Tengah,Pati
3319,33,KABUPATEN KUDUS,KABUPATEN KUDUS,-6.8,110.86667,Jawa Tengah,Kudus
3320,33,KABUPATEN JEPARA,KABUPATEN JEPARA,-6.58333,110.76667,Jawa Tengah,Jepara
3321,33,KABUPATEN DEMAK,KABUPATEN DEMAK,-6.8993,110.6122,Jawa Tengah,Demak
3322,33,KABUPATEN SEMARANG,KABUPATEN SEMARANG,-7.20667,110.44139,Jawa Tengah,Semarang
3323,33,KABUPATEN TEMANGGUNG,KABUPATEN TEMANGGUNG,-7.25,110.11667,Jawa Tengah,Temanggung
3324,33,KABUPATEN KENDAL,KABUPATEN KENDAL,-7.0256,110.1685,Jawa Tengah,Kendal
3325,33,KABUPATEN BATANG,KABUPATEN BATANG,-7.03333,109.88333,Jawa Tengah,Batang
3326,33,KABUPATEN PEKALONGAN,KABUPATEN PEKALONGAN,-7.0319,109.624,Jawa Tengah,Pekalongan
3327,33,KABUPATEN PEMALANG,KABUPATEN PEMALANG,-7.03333,109.4,Jawa Tengah,Pemalang
3328,33,KABUPATEN TEGAL,KABUPATEN TEGAL,-7.03333,109.16667,Jawa Tengah,Tegal
3329,33,KABUPATEN BREBES,KABUPATEN BREBES,-7.05,108.9,Jawa Tengah,Brebes
3371,33,KOTA MAGELANG,KOTA MAGELANG,-7.5,110.225,Jawa Tengah,Kota Magelang
3372,33,KOTA SURAKARTA,KOTA SURAKARTA,-7.55,110.81667,Jawa Tengah,Kota Surakarta
3373,33,KOTA SALATIGA,KOTA SALATIGA,-7.33278,110.48333,Jawa Tengah,Kota Salatiga
3374,33,KOTA SEMARANG,KOTA SEMARANG,-7.03333,110.38333,Jawa Tengah,Kota Semarang
3375,33,KOTA PEKALONGAN,KOTA PEKALONGAN,-6.9,109.68333,Jawa Tengah,Kota Pekalongan
3376,33,KOTA TEGAL,KOTA TEGAL,-6.8686,109.1129,Jawa Tengah,Kota Tegal
3401,34,KABUPATEN KULON PROGO,KABUPATEN KULON PROGO,-7.645,110.02694,Daerah Istimewa Yogyakarta,Kulon Progo
3402,34,KABUPATEN BANTUL,KABUPATEN BANTUL,-7.9,110.36667,Daerah Istimewa Yogyakarta,Bantul
3403,34,KABUPATEN GUNUNG KIDUL,KABUPATEN GUNUNG KIDUL,-7.98333,110.61667,Daerah Istimewa Yogyakarta,Gunung Kidul
3404,34,KABUPATEN SLEMAN,KABUPATEN SLEMAN,-7.68167,110.32333,Daerah Istimewa Yogyakarta,Sleman
3471,34,KOTA YOGYAKARTA,KOTA YOGYAKARTA,-7.8,110.375,Daerah Istimewa Yogyakarta,Kota Yogyakarta
3501,35,KABUPATEN PACITAN,KABUPATEN PACITAN,-8.13333,111.16667,Jawa Timur,Pacitan
3502,35,KABUPATEN PONOROGO,KABUPATEN PONOROGO,-7.93333,111.5,Jawa Timur,Ponorogo
3503,35,KABUPATEN TRENGGALEK,KABUPATEN TRENGGALEK,-8.16667,111.61667,Jawa Timur,Trenggalek
3504,35,KABUPATEN TULUNGAGUNG,KABUPATEN TULUNGAGUNG,-8.11667,111.91667,Jawa Timur,Tulungagung
3505,35,KABUPATEN BLITAR,KABUPATEN BLITAR,-8.13333,112.25,Jawa Timur,Blitar
3506,35,KABUPATEN KEDIRI,KABUPATEN KEDIRI,-7.83333,112.16667,Jawa Timur,Kediri
3507,35,KABUPATEN MALANG,KABUPATEN MALANG,-8.16667,112.66667,Jawa Timur,Malang
3508,35,KABUPATEN LUMAJANG,KABUPATEN LUMAJANG,-8.11667,113.15,Jawa Timur,Lumajang
3509,35,KABUPATEN JEMBER,KABUPATEN JEMBER,-8.25,113.65,Jawa Timur,Jember
3510,35,KABUPATEN BANYUWANGI,KABUPATEN BANYUWANGI,-8.33333,114.2,Jawa Timur,Banyuwangi
3511,35,KABUPATEN BONDOWOSO,KABUPATEN BONDOWOSO,-7.9404,113.9834,Jawa Timur,Bondowoso
3512,35,KABUPATEN SITUBONDO,KABUPATEN SITUBONDO,-7.71667,114.05,Jawa Timur,Situbondo
3513,35,KABUPATEN PROBOLINGGO,KABUPATEN PROBOLINGGO,-7.86667,113.31667,Jawa Timur,Probolinggo
3514,35,KABUPATEN PASURUAN,KABUPATEN PASURUAN,-7.73333,112.83333,Jawa Timur,Pasuruan
3515,35,KABUPATEN SIDOARJO,KABUPATEN SIDOARJO,-7.45,112.7,Jawa Timur,Sidoarjo
3516,35,KABUPATEN MOJOKERTO,KABUPATEN MOJOKERTO,-7.55,112.5,Jawa Timur,Mojokerto
3517,35,KABUPATEN JOMBANG,KABUPATEN JOMBANG,-7.55,112.25,Jawa Timur,Jombang
3518,35,KABUPATEN NGANJUK,KABUPATEN NGANJUK,-7.6,111.93333,Jawa Timur,Nganjuk
3519,35,KABUPATEN MADIUN,KABUPATEN MADIUN,-7.61667,111.65,Jawa Timur,Madiun
3520,35,KABUPATEN MAGETAN,KABUPATEN MAGETAN,-7.64472,111.35917,Jawa Timur,Magetan
3521,35,KABUPATEN NGAWI,KABUPATEN NGAWI,-7.47444,111.33444,Jawa Timur,Ngawi
3522,35,KABUPATEN BOJONEGORO,KABUPATEN BOJONEGORO,-7.25,111.8,Jawa Timur,Bojonegoro
3523,35,KABUPATEN TUBAN,KABUPATEN TUBAN,-6.96667,111.9,Jawa Timur,Tuban
3524,35,KABUPATEN LAMONGAN,KABUPATEN LAMONGAN,-7.13333,112.31667,Jawa Timur,Lamongan
3525,35,KABUPATEN GRESIK,KABUPATEN GRESIK,-7.1933,112.553,Jawa Timur,Gresik
3526,35,KABUPATEN BANGKALAN,KABUPATEN BANGKALAN,-7.05,112.93333,Jawa Timur,Bangkalan
3527,35,KABUPATEN SAMPANG,KABUPATEN SAMPANG,-7.05,113.25,Jawa Timur,Sampang
3528,35,KABUPATEN PAMEKASAN,KABUPATEN PAMEKASAN,-7.06667,113.5,Jawa Timur,Pamekasan
3529,35,KABUPATEN SUMENEP,KABUPATEN SUMENEP,-7.11667,114.33333,Jawa Timur,Sumenep
3571,35,KOTA KEDIRI,KOTA KEDIRI,-7.83333,112.01667,Jawa Timur,Kota Kediri
3572,35,KOTA BLITAR,KOTA BLITAR,-8.1,112.16667,Jawa Timur,Kota Blitar
3573,35,KOTA MALANG,KOTA MALANG,-7.975,112.63333,Jawa Timur,Kota Malang
3574,35,KOTA PROBOLINGGO,KOTA PROBOLINGGO,-7.78333,113.21667,Jawa Timur,Kota Probolinggo
3575,35,KOTA PASURUAN,KOTA PASURUAN,-7.65,112.9,Jawa Timur,Kota Pasuruan
3576,35,KOTA MOJOKERTO,KOTA MOJOKERTO,-7.46667,112.43333,Jawa Timur,Kota Mojokerto
3577,35,KOTA MADIUN,KOTA MADIUN,-7.63333,111.53333,Jawa Timur,Kota Madiun
3578,35,KOTA SURABAYA,KOTA SURABAYA,-7.26667,112.71667,Jawa Timur,Kota Surabaya
3579,35,KOTA BATU,KOTA BATU,-7.83272,112.53751,Jawa Timur,Kota Batu
3601,36,KABUPATEN PANDEGLANG,KABUPATEN PANDEGLANG,-6.63333,105.75,Banten,Pandeglang
3602,36,KABUPATEN LEBAK,KABUPATEN LEBAK,-6.65,106.21667,Banten,Lebak
3603,36,KABUPATEN TANGERANG,KABUPATEN TANGERANG,-6.2,106.46667,Banten,Tangerang
3604,36,KABUPATEN SERANG,KABUPATEN SERANG,-6.15,106.0,Banten,Serang
3671,36,KOTA TANGERANG,KOTA TANGERANG,-6.17944,106.62991,Banten,Kota Tangerang
3672,36,KOTA CILEGON,KOTA CILEGON,-6.01667,106.01667,Banten,Kota Cilegon
3673,36,KOTA SERANG,KOTA SERANG,-6.12563,106.14999,Banten,Kota Serang
3674,36,KOTA TANGERANG SELATAN,KOTA TANGERANG SELATAN,-6.29373,106.71244,Banten,Kota Tangerang Selatan
5101,51,KABUPATEN JEMBRANA,KABUPATEN JEMBRANA,-8.3,114.66667,Bali,Jembrana
5102,51,KABUPATEN TABANAN,KABUPATEN TABANAN,-8.43333,115.06667,Bali,Tabanan
5103,51,KABUPATEN BADUNG,KABUPATEN BADUNG,-8.51667,115.2,Bali,Badung
5104,51,KABUPATEN GIANYAR,KABUPATEN GIANYAR,-8.46667,115.28333,Bali,Gianyar
5105,51,KABUPATEN KLUNGKUNG,KABUPATEN KLUNGKUNG,-8.55,115.4,Bali,Klungkung
5106,51,KABUPATEN BANGLI,KABUPATEN BANGLI,-8.28333,115.35,Bali,Bangli
5107,51,KABUPATEN KARANG ASEM,KABUPATEN KARANG ASEM,-8.3891,115.5393,Bali,Karang Asem
5108,51,KABUPATEN BULELENG,KABUPATEN BULELENG,-8.25,114.96667,Bali,Buleleng
5171,51,KOTA DENPASAR,KOTA DENPASAR,-8.66667,115.21663,Bali,Kota Denpasar
5201,52,KABUPATEN LOMBOK BARAT,KABUPATEN LOMBOK BARAT,-8.69583,116.11667,Nusa Tenggara Barat,Lombok Barat
5202,52,KABUPATEN LOMBOK TENGAH,KABUPATEN LOMBOK TENGAH,-8.7,116.3,Nusa Tenggara Barat,Lombok Tengah
5203,52,KABUPATEN LOMBOK TIMUR,KABUPATEN LOMBOK TIMUR,-8.53333,116.53333,Nusa Tenggara Barat,Lombok Timur
5204,52,KABUPATEN SUMBAWA,KABUPATEN SUMBAWA,-8.7439,117.3324,Nusa Tenggara Barat,Sumbawa
5205,52,KABUPATEN DOMPU,KABUPATEN DOMPU,-8.5094,118.4816,Nusa Tenggara Barat,Dompu
5206,52,KABUPATEN BIMA,KABUPATEN BIMA,-8.6,118.61667,Nusa Tenggara Barat,Bima
5207,52,KABUPATEN SUMBAWA BARAT,KABUPATEN SUMBAWA BARAT,-8.75159,116.92132,Nusa Tenggara Barat,Sumbawa Barat
5208,52,KABUPATEN LOMBOK UTARA,KABUPATEN LOMBOK UTARA,-8.35214,116.40152,Nusa Tenggara Barat,Lombok Utara
5271,52,KOTA MATARAM,KOTA MATARAM,-8.5833,116.1167,Nusa Tenggara Barat,Kota Mataram
5272,52,KOTA BIMA,KOTA BIMA,-8.46728,118.75259,Nusa Tenggara Barat,Kota Bima
5301,53,KABUPATEN SUMBA BARAT,KABUPATEN SUMBA BARAT,-9.56667,119.45,Nusa Tenggara Timur,Sumba Barat
5302,53,KABUPATEN SUMBA TIMUR,KABUPATEN SUMBA TIMUR,-9.88333,120.25,Nusa Tenggara Timur,Sumba Timur
5303,53,KABUPATEN KUPANG,KABUPATEN KUPANG,-9.91667,123.83333,Nusa Tenggara Timur,Kupang
5304,53,KABUPATEN TIMOR TENGAH SELATAN,KABUPATEN TIMOR TENGAH SELATAN,-9.83333,124.4,Nusa Tenggara Timur,Timor Tengah Selatan
5305,53,KABUPATEN TIMOR TENGAH UTARA,KABUPATEN TIMOR TENGAH UTARA,-9.33136,124.51904,Nusa Tenggara Timur,Timor Tengah Utara
5306,53,KABUPATEN BELU,KABUPATEN BELU,-9.41258,124.95066,Nusa Tenggara Timur,Belu
5307,53,KABUPATEN ALOR,KABUPATEN ALOR,-8.3,124.56667,Nusa Tenggara Timur,Alor
5308,53,KABUPATEN LEMBATA,KABUPATEN LEMBATA,-8.41396,123.55225,Nusa Tenggara Timur,Lembata
5309,53,KABUPATEN FLORES TIMUR,KABUPATEN FLORES TIMUR,-8.24224,122.96817,Nusa Tenggara Timur,Flores Timur
5310,53,KABUPATEN SIKKA,KABUPATEN SIKKA,-8.66667,122.36667,Nusa Tenggara Timur,Sikka
5311,53,KABUPATEN ENDE,KABUPATEN ENDE,-8.84056,121.66389,Nusa Tenggara Timur,Ende
5312,53,KABUPATEN NGADA,KABUPATEN NGADA,-8.66667,121.0,Nusa Tenggara Timur,Ngada
5313,53,KABUPATEN MANGGARAI,KABUPATEN MANGGARAI,-8.56667,120.41667,Nusa Tenggara Timur,Manggarai
5314,53,KABUPATEN ROTE NDAO,KABUPATEN ROTE NDAO,-10.73617,123.12054,Nusa Tenggara Timur,Rote Ndao
5315,53,KABUPATEN MANGGARAI BARAT,KABUPATEN MANGGARAI BARAT,-8.64484,119.88281,Nusa Tenggara Timur,Manggarai Barat
5316,53,KABUPATEN SUMBA TENGAH,KABUPATEN SUMBA TENGAH,-9.62941,119.61914,Nusa Tenggara Timur,Sumba Tengah
5317,53,KABUPATEN SUMBA BARAT DAYA,KABUPATEN SUMBA BARAT DAYA,-9.56216,119.08905,Nusa Tenggara Timur,Sumba Barat Daya
5318,53,KABUPATEN NAGEKEO,KABUPATEN NAGEKEO,-8.8721,121.20963,Nusa Tenggara Timur,Nagekeo
5319,53,KABUPATEN MANGGARAI TIMUR,KABUPATEN MANGGARAI TIMUR,-8.55533,120.59761,Nusa Tenggara Timur,Manggarai Timur
5320,53,KABUPATEN SABU RAIJUA,KABUPATEN SABU RAIJUA,-10.56286,121.78894,Nusa Tenggara Timur,Sabu Raijua
5321,53,KABUPATEN MALAKA,KABUPATEN MALAKA,-9.5632,124.89481,Nusa Tenggara Timur,Malaka
5371,53,KOTA KUPANG,KOTA KUPANG,-10.21667,123.6,Nusa Tenggara Timur,Kota Kupang
6101,61,KABUPATEN SAMBAS,KABUPATEN SAMBAS,1.41667,109.33333,Kalimantan Barat,Sambas
6102,61,KABUPATEN BENGKAYANG,KABUPATEN BENGKAYANG,1.06911,109.66393,Kalimantan Barat,Bengkayang
6103,61,KABUPATEN LANDAK,KABUPATEN LANDAK,0.42373,109.75917,Kalimantan Barat,Landak
6104,61,KABUPATEN MEMPAWAH,KABUPATEN MEMPAWAH,0.25,109.16667,Kalimantan Barat,Mempawah
6105,61,KABUPATEN SANGGAU,KABUPATEN SANGGAU,0.25472,110.45,Kalimantan Barat,Sanggau
6106,61,KABUPATEN KETAPANG,KABUPATEN KETAPANG,-1.58333,110.5,Kalimantan Barat,Ketapang
6107,61,KABUPATEN SINTANG,KABUPATEN SINTANG,-0.08333,112.08333,Kalimantan Barat,Sintang
6108,61,KABUPATEN KAPUAS HULU,KABUPATEN KAPUAS HULU,0.81667,112.76667,Kalimantan Barat,Kapuas Hulu
6109,61,KABUPATEN SEKADAU,KABUPATEN SEKADAU,0.03485,110.95066,Kalimantan Barat,Sekadau
6110,61,KABUPATEN MELAWI,KABUPATEN MELAWI,-0.33617,111.698,Kalimantan Barat,Melawi
6111,61,KABUPATEN KAYONG UTARA,KABUPATEN KAYONG UTARA,-1.43711,110.79781,Kalimantan Barat,Kayong Utara
6112,61,KABUPATEN KUBU RAYA,KABUPATEN KUBU RAYA,0.01637,109.33731,Kalimantan Barat,Kubu Raya
6171,61,KOTA PONTIANAK,KOTA PONTIANAK,-0.08333,109.36667,Kalimantan Barat,Kota Pontianak
6172,61,KOTA SINGKAWANG,KOTA SINGKAWANG,0.90734,109.00103,Kalimantan Barat,Kota Singkawang
6201,62,KABUPATEN KOTAWARINGIN BARAT,KABUPATEN KOTAWARINGIN BARAT,-2.4,111.73333,Kalimantan Tengah,Kotawaringin Barat
6202,62,KABUPATEN KOTAWARINGIN TIMUR,KABUPATEN KOTAWARINGIN TIMUR,-2.08333,112.75,Kalimantan Tengah,Kotawaringin Timur
6203,62,KABUPATEN KAPUAS,KABUPATEN KAPUAS,-2.01667,114.38333,Kalimantan Tengah,Kapuas
6204,62,KABUPATEN BARITO SELATAN,KABUPATEN BARITO SELATAN,-1.86667,114.73333,Kalimantan Tengah,Barito Selatan
6205,62,KABUPATEN BARITO UTARA,KABUPATEN BARITO UTARA,-0.98333,115.1,Kalimantan Tengah,Barito Utara
6206,62,KABUPATEN SUKAMARA,KABUPATEN SUKAMARA,-2.62675,111.23681,Kalimantan Tengah,Sukamara
6207,62,KABUPATEN LAMANDAU,KABUPATEN LAMANDAU,-1.83828,111.2869,Kalimantan Tengah,Lamandau
6208,62,KABUPATEN SERUYAN,KABUPATEN SERUYAN,-2.33333,112.25,Kalimantan Tengah,Seruyan
6209,62,KABUPATEN KATINGAN,KABUPATEN KATINGAN,-2.06667,113.4,Kalimantan Tengah,Katingan
6210,62,KABUPATEN PULANG PISAU,KABUPATEN PULANG PISAU,-3.11858,113.8623,Kalimantan Tengah,Pulang Pisau
6211,62,KABUPATEN GUNUNG MAS,KABUPATEN GUNUNG MAS,-0.95,113.5,Kalimantan Tengah,Gunung Mas
6212,62,KABUPATEN BARITO TIMUR,KABUPATEN BARITO TIMUR,-1.93333,115.1,Kalimantan Tengah,Barito Timur
6213,62,KABUPATEN MURUNG RAYA,KABUPATEN MURUNG RAYA,-0.01667,114.26667,Kalimantan Tengah,Murung Raya
6271,62,KOTA PALANGKA RAYA,KOTA PALANGKA RAYA,-1.76979,113.73126,Kalimantan Tengah,Kota Palangka Raya
6301,63,KABUPATEN TANAH LAUT,KABUPATEN TANAH LAUT,-3.88333,114.86667,Kalimantan Selatan,Tanah Laut
6302,63,KABUPATEN KOTA BARU,KABUPATEN KOTA BARU,-3.0,116.0,Kalimantan Selatan,Kota Baru
6303,63,KABUPATEN BANJAR,KABUPATEN BANJAR,-3.31667,115.08333,Kalimantan Selatan,Banjar
6304,63,KABUPATEN BARITO KUALA,KABUPATEN BARITO KUALA,-3.08333,114.61667,Kalimantan Selatan,Barito Kuala
6305,63,KABUPATEN TAPIN,KABUPATEN TAPIN,-2.91667,115.03333,Kalimantan Selatan,Tapin
6306,63,KABUPATEN HULU SUNGAI SELATAN,KABUPATEN HULU SUNGAI SELATAN,-2.75,115.2,Kalimantan Selatan,Hulu Sungai Selatan
6307,63,KABUPATEN HULU SUNGAI TENGAH,KABUPATEN HULU SUNGAI TENGAH,-2.61667,115.41667,Kalimantan Selatan,Hulu Sungai Tengah
6308,63,KABUPATEN HULU SUNGAI UTARA,KABUPATEN HULU SUNGAI UTARA,-2.45,115.13333,Kalimantan Selatan,Hulu Sungai Utara
6309,63,KABUPATEN TABALONG,KABUPATEN TABALONG,-1.88333,115.5,Kalimantan Selatan,Tabalong
6310,63,KABUPATEN TANAH BUMBU,KABUPATEN TANAH BUMBU,-3.45413,115.70372,Kalimantan Selatan,Tanah Bumbu
6311,63,KABUPATEN BALANGAN,KABUPATEN BALANGAN,-2.32314,115.62922,Kalimantan Selatan,Balangan
6371,63,KOTA BANJARMASIN,KOTA BANJARMASIN,-3.32444,114.59102,Kalimantan Selatan,Kota Banjarmasin
6372,63,KOTA BANJAR BARU,KOTA BANJAR BARU,-3.41667,114.83333,Kalimantan Selatan,Kota Banjar Baru
6401,64,KABUPATEN PASER,KABUPATEN PASER,-1.43517,116.23535,Kalimantan Timur,Paser
6402,64,KABUPATEN KUTAI BARAT,KABUPATEN KUTAI BARAT,-0.59417,115.51575,Kalimantan Timur,Kutai Barat
6403,64,KABUPATEN KUTAI KARTANEGARA,KABUPATEN KUTAI KARTANEGARA,-0.44019,116.98139,Kalimantan Timur,Kutai Kartanegara
6404,64,KABUPATEN KUTAI TIMUR,KABUPATEN KUTAI TIMUR,1.03769,117.83112,Kalimantan Timur,Kutai Timur
6405,64,KABUPATEN BERAU,KABUPATEN BERAU,2.0,117.3,Kalimantan Timur,Berau
6409,64,KABUPATEN PENAJAM PASER UTARA,KABUPATEN PENAJAM PASER UTARA,-1.25,116.83333,Kalimantan Timur,Penajam Paser Utara
6411,64,KABUPATEN MAHAKAM HULU,KABUPATEN MAHAKAM HULU,0.37822,115.38048,Kalimantan Timur,Mahakam Hulu
6471,64,KOTA BALIKPAPAN,KOTA BALIKPAPAN,-1.16667,116.88333,Kalimantan Timur,Kota Balikpapan
6472,64,KOTA SAMARINDA,KOTA SAMARINDA,-0.43333,117.18333,Kalimantan Timur,Kota Samarinda
6474,64,KOTA BONTANG,KOTA BONTANG,0.12526,117.49603,Kalimantan Timur,Kota Bontang
6501,65,KABUPATEN MALINAU,KABUPATEN MALINAU,2.45,115.68333,Kalimantan Utara,Malinau
6502,65,KABUPATEN BULUNGAN,KABUPATEN BULUNGAN,3.0,117.16667,Kalimantan Utara,Bulungan
6503,65,KABUPATEN TANA TIDUNG,KABUPATEN TANA TIDUNG,3.55,117.25,Kalimantan Utara,Tana Tidung
6504,65,KABUPATEN NUNUKAN,KABUPATEN NUNUKAN,4.13333,116.7,Kalimantan Utara,Nunukan
6571,65,KOTA TARAKAN,KOTA TARAKAN,3.36667,117.6,Kalimantan Utara,Kota Tarakan
7101,71,KABUPATEN BOLAANG MONGONDOW,KABUPATEN BOLAANG MONGONDOW,0.75,124.08333,Sulawesi Utara,Bolaang Mongondow
7102,71,KABUPATEN MINAHASA,KABUPATEN MINAHASA,1.2537,124.83,Sulawesi Utara,Minahasa
7103,71,KABUPATEN KEPULAUAN SANGIHE,KABUPATEN KEPULAUAN SANGIHE,3.5,125.55,Sulawesi Utara,Kepulauan Sangihe
7104,71,KABUPATEN KEPULAUAN TALAUD,KABUPATEN KEPULAUAN TALAUD,4.31178,126.78085,Sulawesi Utara,Kepulauan Talaud
7105,71,KABUPATEN MINAHASA SELATAN,KABUPATEN MINAHASA SELATAN,1.21291,124.59708,Sulawesi Utara,Minahasa Selatan
7106,71,KABUPATEN MINAHASA UTARA,KABUPATEN MINAHASA UTARA,1.4025,124.96,Sulawesi Utara,Minahasa Utara
7107,71,KABUPATEN BOLAANG MONGONDOW UTARA,KABUPATEN BOLAANG MONGONDOW UTARA,0.78527,123.41766,Sulawesi Utara,Bolaang Mongondow Utara
7108,71,KABUPATEN SIAU TAGULANDANG BIARO,KABUPATEN SIAU TAGULANDANG BIARO,2.11728,125.37512,Sulawesi Utara,Siau Tagulandang Biaro
7109,71,KABUPATEN MINAHASA TENGGARA,KABUPATEN MINAHASA TENGGARA,1.05633,124.7925,Sulawesi Utara,Minahasa Tenggara
7110,71,KABUPATEN BOLAANG MONGONDOW SELATAN,KABUPATEN BOLAANG MONGONDOW SELATAN,0.40912,123.75961,Sulawesi Utara,Bolaang Mongondow Selatan
7111,71,KABUPATEN BOLAANG MONGONDOW TIMUR,KABUPATEN BOLAANG MONGONDOW TIMUR,0.72073,124.50256,Sulawesi Utara,Bolaang Mongondow Timur
7171,71,KOTA MANADO,KOTA MANADO,1.51667,124.88333,Sulawesi Utara,Kota Manado
7172,71,KOTA BITUNG,KOTA BITUNG,1.48333,125.15,Sulawesi Utara,Kota Bitung
7173,71,KOTA TOMOHON,KOTA TOMOHON,1.31307,124.83404,Sulawesi Utara,Kota Tomohon
7174,71,KOTA KOTAMOBAGU,KOTA KOTAMOBAGU,0.68915,124.32678,Sulawesi Utara,Kota Kotamobagu
7201,72,KABUPATEN BANGGAI KEPULAUAN,KABUPATEN BANGGAI KEPULAUAN,-1.6424,123.54881,Sulawesi Tengah,Banggai Kepulauan
7202,72,KABUPATEN BANGGAI,KABUPATEN BANGGAI,-1.2835,122.8892,Sulawesi Tengah,Banggai
7203,72,KABUPATEN MOROWALI,KABUPATEN MOROWALI,-1.89342,121.25473,Sulawesi Tengah,Morowali
7204,72,KABUPATEN POSO,KABUPATEN POSO,-1.65,120.5,Sulawesi Tengah,Poso
7205,72,KABUPATEN DONGGALA,KABUPATEN DONGGALA,-0.58333,119.85,Sulawesi Tengah,Donggala
7206,72,KABUPATEN TOLI-TOLI,KABUPATEN TOLI-TOLI,1.30862,120.88643,Sulawesi Tengah,Toli-Toli
7207,72,KABUPATEN BUOL,KABUPATEN BUOL,0.75,120.75,Sulawesi Tengah,Buol
7208,72,KABUPATEN PARIGI MOUTONG,KABUPATEN PARIGI MOUTONG,0.3368,120.17841,Sulawesi Tengah,Parigi Moutong
7209,72,KABUPATEN TOJO UNA-UNA,KABUPATEN TOJO UNA-UNA,-1.2036,121.48201,Sulawesi Tengah,Tojo Una-Una
7210,72,KABUPATEN SIGI,KABUPATEN SIGI,-1.385,119.96694,Sulawesi Tengah,Sigi
7211,72,KABUPATEN BANGGAI LAUT,KABUPATEN BANGGAI LAUT,-1.61841,123.49388,Sulawesi Tengah,Banggai Laut
7212,72,KABUPATEN MOROWALI UTARA,KABUPATEN MOROWALI UTARA,-1.7207,121.24649,Sulawesi Tengah,Morowali Utara
7271,72,KOTA PALU,KOTA PALU,-0.86972,119.9,Sulawesi Tengah,Kota Palu
7301,73,KABUPATEN KEPULAUAN SELAYAR,KABUPATEN KEPULAUAN SELAYAR,-6.81667,120.8,Sulawesi Selatan,Kepulauan Selayar
7302,73,KABUPATEN BULUKUMBA,KABUPATEN BULUKUMBA,-5.41667,120.23333,Sulawesi Selatan,Bulukumba
7303,73,KABUPATEN BANTAENG,KABUPATEN BANTAENG,-5.48333,119.98333,Sulawesi Selatan,Bantaeng
7304,73,KABUPATEN JENEPONTO,KABUPATEN JENEPONTO,-5.63333,119.73333,Sulawesi Selatan,Jeneponto
7305,73,KABUPATEN TAKALAR,KABUPATEN TAKALAR,-5.41667,119.51667,Sulawesi Selatan,Takalar
7306,73,KABUPATEN GOWA,KABUPATEN GOWA,-5.31667,119.75,Sulawesi Selatan,Gowa
7307,73,KABUPATEN SINJAI,KABUPATEN SINJAI,-5.21667,120.15,Sulawesi Selatan,Sinjai
7308,73,KABUPATEN MAROS,KABUPATEN MAROS,-5.05,119.71667,Sulawesi Selatan,Maros
7309,73,KABUPATEN PANGKAJENE DAN KEPULAUAN,KABUPATEN PANGKAJENE DAN KEPULAUAN,-4.7827,119.5506,Sulawesi Selatan,Pangkajene Dan Kepulauan
7310,73,KABUPATEN BARRU,KABUPATEN BARRU,-4.43333,119.68333,Sulawesi Selatan,Barru
7311,73,KABUPATEN BONE,KABUPATEN BONE,-4.7,120.13333,Sulawesi Selatan,Bone
7312,73,KABUPATEN SOPPENG,KABUPATEN SOPPENG,-4.3842,119.89,Sulawesi Selatan,Soppeng
7313,73,KABUPATEN WAJO,KABUPATEN WAJO,-4.0,120.16667,Sulawesi Selatan,Wajo
7314,73,KABUPATEN SIDENRENG RAPPANG,KABUPATEN SIDENRENG RAPPANG,-3.85,119.96667,Sulawesi Selatan,Sidenreng Rappang
7315,73,KABUPATEN PINRANG,KABUPATEN PINRANG,-3.61667,119.6,Sulawesi Selatan,Pinrang
7316,73,KABUPATEN ENREKANG,KABUPATEN ENREKANG,-3.5,119.86667,Sulawesi Selatan,Enrekang
7317,73,KABUPATEN LUWU,KABUPATEN LUWU,-2.5577,121.3242,Sulawesi Selatan,Luwu
7318,73,KABUPATEN TANA TORAJA,KABUPATEN TANA TORAJA,-3.0024,119.79655,Sulawesi Selatan,Tana Toraja
7322,73,KABUPATEN LUWU UTARA,KABUPATEN LUWU UTARA,-2.6,120.25,Sulawesi Selatan,Luwu Utara
7325,73,KABUPATEN LUWU TIMUR,KABUPATEN LUWU TIMUR,-2.50957,120.3978,Sulawesi Selatan,Luwu Timur
7326,73,KABUPATEN TORAJA UTARA,KABUPATEN TORAJA UTARA,-2.92738,119.79218,Sulawesi Selatan,Toraja Utara
7371,73,KOTA MAKASSAR,KOTA MAKASSAR,-5.15,119.45,Sulawesi Selatan,Kota Makassar
7372,73,KOTA PARE-PARE,KOTA PARE-PARE,-4.03333,119.65,Sulawesi Selatan,Kota Pare-Pare
7373,73,KOTA PALOPO,KOTA PALOPO,-2.97841,120.11078,Sulawesi Selatan,Kota Palopo
7401,74,KABUPATEN BUTON,KABUPATEN BUTON,-5.31667,122.58333,Sulawesi Tenggara,Buton
7402,74,KABUPATEN MUNA,KABUPATEN MUNA,-4.96667,122.66667,Sulawesi Tenggara,Muna
7403,74,KABUPATEN KONAWE,KABUPATEN KONAWE,-3.91717,122.08823,Sulawesi Tenggara,Konawe
7404,74,KABUPATEN KOLAKA,KABUPATEN KOLAKA,-4.08333,121.66667,Sulawesi Tenggara,Kolaka
7405,74,KABUPATEN KONAWE SELATAN,KABUPATEN KONAWE SELATAN,-4.19191,122.44854,Sulawesi Tenggara,Konawe Selatan
7406,74,KABUPATEN BOMBANA,KABUPATEN BOMBANA,-4.6257,121.81641,Sulawesi Tenggara,Bombana
7407,74,KABUPATEN WAKATOBI,KABUPATEN WAKATOBI,-5.31934,123.5948,Sulawesi Tenggara,Wakatobi
7408,74,KABUPATEN KOLAKA UTARA,KABUPATEN KOLAKA UTARA,-3.10452,121.12427,Sulawesi Tenggara,Kolaka Utara
7409,74,KABUPATEN BUTON UTARA,KABUPATEN BUTON UTARA,-5.01457,122.93015,Sulawesi Tenggara,Buton Utara
7410,74,KABUPATEN KONAWE UTARA,KABUPATEN KONAWE UTARA,-3.41552,121.99081,Sulawesi Tenggara,Konawe Utara
7411,74,KABUPATEN KOLAKA TIMUR,KABUPATEN KOLAKA TIMUR,-4.01807,121.86172,Sulawesi Tenggara,Kolaka Timur
7412,74,KABUPATEN KONAWE KEPULAUAN,KABUPATEN KONAWE KEPULAUAN,-4.11656,123.10181,Sulawesi Tenggara,Konawe Kepulauan
7413,74,KABUPATEN MUNA BARAT,KABUPATEN MUNA BARAT,-4.83333,122.48333,Sulawesi Tenggara,Muna Barat
7414,74,KABUPATEN BUTON TENGAH,KABUPATEN BUTON TENGAH,-5.31667,122.33333,Sulawesi Tenggara,Buton Tengah
7415,74,KABUPATEN BUTON SELATAN,KABUPATEN BUTON SELATAN,-5.56667,122.7,Sulawesi Tenggara,Buton Selatan
7471,74,KOTA KENDARI,KOTA KENDARI,-3.98333,122.5,Sulawesi Tenggara,Kota Kendari
7472,74,KOTA BAUBAU,KOTA BAUBAU,-5.477,122.6166,Sulawesi Tenggara,Kota Baubau
7501,75,KABUPATEN BOALEMO,KABUPATEN BOALEMO,0.62689,122.3568,Gorontalo,Boalemo
7502,75,KABUPATEN GORONTALO,KABUPATEN GORONTALO,0.5728,122.2337,Gorontalo,Gorontalo
7503,75,KABUPATEN POHUWATO,KABUPATEN POHUWATO,0.7098,121.59582,Gorontalo,Pohuwato
7504,75,KABUPATEN BONE BOLANGO,KABUPATEN BONE BOLANGO,0.50296,123.27501,Gorontalo,Bone Bolango
7505,75,KABUPATEN GORONTALO UTARA,KABUPATEN GORONTALO UTARA,0.77,122.31667,Gorontalo,Gorontalo Utara
7571,75,KOTA GORONTALO,KOTA GORONTALO,0.53333,123.1,Gorontalo,Kota Gorontalo
7601,76,KABUPATEN MAJENE,KABUPATEN MAJENE,-3.15,118.86667,Sulawesi Barat,Majene
7602,76,KABUPATEN POLEWALI MANDAR,KABUPATEN POLEWALI MANDAR,-3.3,119.16667,Sulawesi Barat,Polewali Mandar
7603,76,KABUPATEN MAMASA,KABUPATEN MAMASA,-2.96492,119.30631,Sulawesi Barat,Mamasa
7604,76,KABUPATEN MAMUJU,KABUPATEN MAMUJU,-2.5,119.41667,Sulawesi Barat,Mamuju
7605,76,KABUPATEN MAMUJU UTARA,KABUPATEN MAMUJU UTARA,-1.51639,119.42139,Sulawesi Barat,Mamuju Utara
7606,76,KABUPATEN MAMUJU TENGAH,KABUPATEN MAMUJU TENGAH,-2.8212,119.2662,Sulawesi Barat,Mamuju Tengah
8101,81,KABUPATEN MALUKU TENGGARA BARAT,KABUPATEN MALUKU TENGGARA BARAT,-7.61186,131.38,Maluku,Maluku Tenggara Barat
8102,81,KABUPATEN MALUKU TENGGARA,KABUPATEN MALUKU TENGGARA,-5.75,132.73334,Maluku,Maluku Tenggara
8103,81,KABUPATEN MALUKU TENGAH,KABUPATEN MALUKU TENGAH,-3.29167,128.9675,Maluku,Maluku Tengah
8104,81,KABUPATEN BURU,KABUPATEN BURU,-3.32767,126.68413,Maluku,Buru
8105,81,KABUPATEN KEPULAUAN ARU,KABUPATEN KEPULAUAN ARU,-6.17059,134.46991,Maluku,Kepulauan Aru
8106,81,KABUPATEN SERAM BAGIAN BARAT,KABUPATEN SERAM BAGIAN BARAT,-3.1027,128.42996,Maluku,Seram Bagian Barat
8107,81,KABUPATEN SERAM BAGIAN TIMUR,KABUPATEN SERAM BAGIAN TIMUR,-3.39851,130.39166,Maluku,Seram Bagian Timur
8108,81,KABUPATEN MALUKU BARAT DAYA,KABUPATEN MALUKU BARAT DAYA,-7.8296,126.17386,Maluku,Maluku Barat Daya
8109,81,KABUPATEN BURU SELATAN,KABUPATEN BURU SELATAN,-3.52187,126.59271,Maluku,Buru Selatan
8171,81,KOTA AMBON,KOTA AMBON,-3.7,128.18333,Maluku,Kota Ambon
8172,81,KOTA TUAL,KOTA TUAL,-5.64301,132.74934,Maluku,Kota Tual
8201,82,KABUPATEN HALMAHERA BARAT,KABUPATEN HALMAHERA BARAT,1.41709,127.55264,Maluku Utara,Halmahera Barat
8202,82,KABUPATEN HALMAHERA TENGAH,KABUPATEN HALMAHERA TENGAH,0.48056,128.25,Maluku Utara,Halmahera Tengah
8203,82,KABUPATEN KEPULAUAN SULA,KABUPATEN KEPULAUAN SULA,-1.8646,125.69046,Maluku Utara,Kepulauan Sula
8204,82,KABUPATEN HALMAHERA SELATAN,KABUPATEN HALMAHERA SELATAN,-0.3955,127.90833,Maluku Utara,Halmahera Selatan
8205,82,KABUPATEN HALMAHERA UTARA,KABUPATEN HALMAHERA UTARA,1.73194,128.00778,Maluku Utara,Halmahera Utara
8206,82,KABUPATEN HALMAHERA TIMUR,KABUPATEN HALMAHERA TIMUR,1.33517,128.48627,Maluku Utara,Halmahera Timur
8207,82,KABUPATEN PULAU MOROTAI,KABUPATEN PULAU MOROTAI,2.19924,128.40546,Maluku Utara,Pulau Morotai
8208,82,KABUPATEN PULAU TALIABU,KABUPATEN PULAU TALIABU,-1.84578,124.78992,Maluku Utara,Pulau Taliabu
8271,82,KOTA TERNATE,KOTA TERNATE,0.89618,127.31016,Maluku Utara,Kota Ternate
8272,82,KOTA TIDORE KEPULAUAN,KOTA TIDORE KEPULAUAN,0.60962,127.56981,Maluku Utara,Kota Tidore Kepulauan
9101,91,KABUPATEN FAK-FAK,KABUPATEN FAK-FAK,-2.92641,132.29608,Papua Barat,Fak-Fak
9102,91,KABUPATEN KAIMANA,KABUPATEN KAIMANA,-3.66093,133.77451,Papua Barat,Kaimana
9103,91,KABUPATEN TELUK WONDAMA,KABUPATEN TELUK WONDAMA,-2.7,134.5,Papua Barat,Teluk Wondama
9104,91,KABUPATEN TELUK BINTUNI,KABUPATEN TELUK BINTUNI,-1.88037,133.33105,Papua Barat,Teluk Bintuni
9105,91,KABUPATEN MANOKWARI,KABUPATEN MANOKWARI,-0.9,133.75,Papua Barat,Manokwari
9106,91,KABUPATEN SORONG SELATAN,KABUPATEN SORONG SELATAN,-1.50495,132.28638,Papua Barat,Sorong Selatan
9107,91,KABUPATEN SORONG,KABUPATEN SORONG,-1.16667,131.5,Papua Barat,Sorong
9108,91,KABUPATEN RAJA AMPAT,KABUPATEN RAJA AMPAT,-0.5,130.0,Papua Barat,Raja Ampat
9109,91,KABUPATEN TAMBRAUW,KABUPATEN TAMBRAUW,-0.60515,132.48962,Papua Barat,Tambrauw
9110,91,KABUPATEN MAYBRAT,KABUPATEN MAYBRAT,-1.2155,132.35092,Papua Barat,Maybrat
9111,91,KABUPATEN MANOKWARI SELATAN,KABUPATEN MANOKWARI SELATAN,-1.0798,133.96729,Papua Barat,Manokwari Selatan
9112,91,KABUPATEN PEGUNUNGAN ARFAK,KABUPATEN PEGUNUNGAN ARFAK,-0.93523,133.89587,Papua Barat,Pegunungan Arfak
9171,91,KOTA SORONG,KOTA SORONG,-0.86507,131.25153,Papua Barat,Kota Sorong
9401,94,KABUPATEN MERAUKE,KABUPATEN MERAUKE,-7.66667,139.66667,Papua,Merauke
9402,94,KABUPATEN JAYAWIJAYA,KABUPATEN JAYAWIJAYA,-4.08333,139.08333,Papua,Jayawijaya
9403,94,KABUPATEN JAYAPURA,KABUPATEN JAYAPURA,-3.0,139.95,Papua,Jayapura
9404,94,KABUPATEN NABIRE,KABUPATEN NABIRE,-3.54016,135.55511,Papua,Nabire
9408,94,KABUPATEN KEPULAUAN YAPEN,KABUPATEN KEPULAUAN YAPEN,-1.78773,136.27716,Papua,Kepulauan Yapen
9409,94,KABUPATEN BIAK NUMFOR,KABUPATEN BIAK NUMFOR,-1.03333,136.0,Papua,Biak Numfor
9410,94,KABUPATEN PANIAI,KABUPATEN PANIAI,-3.9,136.60001,Papua,Paniai
9411,94,KABUPATEN PUNCAK JAYA,KABUPATEN PUNCAK JAYA,-3.67241,137.43896,Papua,Puncak Jaya
9412,94,KABUPATEN MIMIKA,KABUPATEN MIMIKA,-4.54357,136.56555,Papua,Mimika
9413,94,KABUPATEN BOVEN DIGOEL,KABUPATEN BOVEN DIGOEL,-5.70519,140.36349,Papua,Boven Digoel
9414,94,KABUPATEN MAPPI,KABUPATEN MAPPI,-6.49971,139.34441,Papua,Mappi
9415,94,KABUPATEN ASMAT,KABUPATEN ASMAT,-5.3795,138.46344,Papua,Asmat
9416,94,KABUPATEN YAHUKIMO,KABUPATEN YAHUKIMO,-4.60403,139.58405,Papua,Yahukimo
9417,94,KABUPATEN PEGUNUNGAN BINTANG,KABUPATEN PEGUNUNGAN BINTANG,-4.52167,140.29541,Papua,Pegunungan Bintang
9418,94,KABUPATEN TOLIKARA,KABUPATEN TOLIKARA,-3.42661,137.41699,Papua,Tolikara
9419,94,KABUPATEN SARMI,KABUPATEN SARMI,-2.41667,139.08333,Papua,Sarmi
9420,94,KABUPATEN KEEROM,KABUPATEN KEEROM,-3.3,140.61667,Papua,Keerom
9426,94,KABUPATEN WAROPEN,KABUPATEN WAROPEN,-2.286,137.01837,Papua,Waropen
9427,94,KABUPATEN SUPIORI,KABUPATEN SUPIORI,-0.73881,135.61111,Papua,Supiori
9428,94,KABUPATEN MAMBERAMO RAYA,KABUPATEN MAMBERAMO RAYA,-2.23561,137.78229,Papua,Mamberamo Raya
9429,94,KABUPATEN NDUGA,KABUPATEN NDUGA,-4.45093,138.10089,Papua,Nduga
9430,94,KABUPATEN LANNY JAYA,KABUPATEN LANNY JAYA,-3.91244,138.28766,Papua,Lanny Jaya
9431,94,KABUPATEN MAMBERAMO TENGAH,KABUPATEN MAMBERAMO TENGAH,-2.46064,138.45245,Papua,Mamberamo Tengah
9432,94,KABUPATEN YALIMO,KABUPATEN YALIMO,-3.86037,138.47305,Papua,Yalimo
9433,94,KABUPATEN PUNCAK,KABUPATEN PUNCAK,-4.14204,137.09702,Papua,Puncak
9434,94,KABUPATEN DOGIYAI,KABUPATEN DOGIYAI,-4.03186,135.43945,Papua,Dogiyai
9435,94,KABUPATEN INTAN JAYA,KABUPATEN INTAN JAYA,-3.41016,136.70837,Papua,Intan Jaya
9436,94,KABUPATEN DEIYAI,KABUPATEN DEIYAI,-3.94737,135.95032,Papua,Deiyai
9471,94,KOTA JAYAPURA,KOTA JAYAPURA,-2.64647,140.77779,Papua,Kota Jayapura
